Channel,Elevation,Azimuth
1,14.927,-0.021
2,13.917,-0.023
3,12.896,-0.023
4,11.902,-0.021
5,10.887,-0.021
6,9.889,-0.021
7,8.895,-0.021
8,7.886,-0.033
9,6.887,-0.032
10,5.884,-0.033
11,4.889,-0.033
12,3.892,-0.036
13,2.902,-0.038
14,1.905,-0.040
15,0.905,-0.052
16,-0.089,-0.054
17,-1.086,-0.057
18,-2.079,-0.060
19,-3.073,-0.064
20,-4.065,-0.064
21,-5.067,-0.068
22,-6.050,-0.081
23,-7.052,-0.085
24,-8.060,-0.088
25,-9.048,-0.092
26,-10.055,-0.098
27,-11.061,-0.103
28,-12.062,-0.107
29,-13.076,-0.122
30,-14.072,-0.127
31,-15.095,-0.133
32,-16.131,-0.137
